3010,Mathematics Curriculum and Teaching: Basic Theory and Practice
3011,Mathematics Curriculum and Teaching: Basic Theory and Practice
3020,Mathematics Curriculum and Teaching: Instructional Technology and Design of Teaching Activities
3021,Mathematics Curriculum and Teaching: Instructional Technology and Design of STEM Learning Activities
3030,Mathematical Literacy and Problem Solving
3031,Mathematical Literacy and Problem Solving
3050,The Teaching of Algebra and Calculus
3051,The Teaching of Number and Algebra
3060,The Teaching of Number and Number Sense
3061,Elementary Mathematics from an Advanced Standpoint
3070,The Teaching of Probability and Statistics
3071,The Teaching of Probability and Statistics
3080,The Teaching of Spatial Sense and Geometry
3081,The Teaching of Spatial Sense and Geometry
3091,Contemporary Issues in Mathematics Education
4510,Action Research in Mathematics Classroom
4520,Mathematics Teaching Project Report
4910,Independent Study I
4920,Independent Study II
