2110,"Pedagogical Content Knowledge in Science, Technology and the Environment"
2210,Pedagogical Content Knowledge in Society and Culture
2220,Foundations of Disciplinary Knowledge and General Education
2230,Liberal Studies and Methods of Inquiry
2310,Pedagogical Content Knowledge in Self and Personal Development
2320,Independent Enquiry Studies (I): Research Methods
3110,Principles of C&I in LS/Citizenship and Social Development I: Theories
3120,Principles of C&I in LS/Citizenship and Social Development II: Practice
3130,Principles of C&I in LS/Citizenship and Social Development III: Class Experience & Reflection
4140,Principles of C&I in LS/Citizenship and Social Development IV: Instructional Design & Implementation
4320,Independent Enquiry Studies II: Proposal and Project Report
4910,Independent Study I
4920,Independent Study II
